UniProt_ID,GO_Term
Q9HAZ2,GO:0016235
Q9HAZ2, GO:0005829
Q9HAZ2, GO:0005654
Q9HAZ2, GO:0005634
Q9HAZ2, GO:0017053
Q9HAZ2, GO:0001228
Q9HAZ2, GO:0140297
Q9HAZ2, GO:0001227
Q9HAZ2, GO:0140938
Q9HAZ2, GO:0046974
Q9HAZ2, GO:0140948
Q9HAZ2, GO:0140947
Q9HAZ2, GO:0046872
Q9HAZ2, GO:0000978
Q9HAZ2, GO:0043565
Q9HAZ2, GO:0000976
Q9HAZ2, GO:0003713
Q9HAZ2, GO:0003712
Q9HAZ2, GO:0050873
Q9HAZ2, GO:0070828
Q9HAZ2, GO:0032259
Q9HAZ2, GO:0045892
Q9HAZ2, GO:0030853
Q9HAZ2, GO:0000122
Q9HAZ2, GO:0030512
Q9HAZ2, GO:0120162
Q9HAZ2, GO:0045893
Q9HAZ2, GO:0043457
Q9HAZ2, GO:0006357
P11142,GO:0072562
P11142, GO:0061202
P11142, GO:0005737
P11142, GO:0005829
P11142, GO:0070062
P11142, GO:0005576
P11142, GO:0005615
P11142, GO:1904813
P11142, GO:0005925
P11142, GO:0098575
P11142, GO:0043202
P11142, GO:0005765
P11142, GO:0042470
P11142, GO:0016020
P11142, GO:0005730
P11142, GO:0005654
P11142, GO:0005634
P11142, GO:0005886
P11142, GO:0101031
P11142, GO:0000974
P11142, GO:1990904
P11142, GO:0034774
P11142, GO:0005681
P11142, GO:0005524
P11142, GO:0016887
P11142, GO:0140545
P11142, GO:0140662
P11142, GO:0055131
P11142, GO:0045296
P11142, GO:0019899
P11142, GO:0001664
P11142, GO:0031072
P11142, GO:0023026
P11142, GO:0140597
P11142, GO:0044183
P11142, GO:0051087
P11142, GO:0030674
P11142, GO:0048018
P11142, GO:0003723
P11142, GO:0031625
P11142, GO:0051082
P11142, GO:0046034
P11142, GO:0009267
P11142, GO:0071383
P11142, GO:0051085
P11142, GO:0061684
P11142, GO:1904764
P11142, GO:0072318
P11142, GO:0061024
P11142, GO:0000398
P11142, GO:0045892
P11142, GO:1900226
P11142, GO:1902904
P11142, GO:0030335
P11142, GO:0006457
P11142, GO:0042026
P11142, GO:0061740
P11142, GO:0061635
P11142, GO:1904589
P11142, GO:0031647
P11142, GO:0043254
P11142, GO:0006986
P46531,GO:0001669
P46531, GO:0005912
P46531, GO:0016324
P46531, GO:0009986
P46531, GO:0005829
P46531, GO:0005789
P46531, GO:0010008
P46531, GO:0005576
P46531, GO:0098978
P46531, GO:0000139
P46531, GO:0031902
P46531, GO:0002193
P46531, GO:0005654
P46531, GO:0005634
P46531, GO:0005886
P46531, GO:0098839
P46531, GO:0043235
P46531, GO:0098685
P46531, GO:0005509
P46531, GO:0031490
P46531, GO:0000987
P46531, GO:0001228
P46531, GO:0019899
P46531, GO:0004857
P46531, GO:0042802
P46531, GO:0005112
P46531, GO:0003713
P46531, GO:0140537
P46531, GO:0004888
P46531, GO:0031100
P46531, GO:0003180
P46531, GO:1902263
P46531, GO:0060842
P46531, GO:0048708
P46531, GO:0003162
P46531, GO:0003181
P46531, GO:0009912
P46531, GO:0007411
P46531, GO:0048754
P46531, GO:0017156
P46531, GO:0003209
P46531, GO:0003207
P46531, GO:0060317
P46531, GO:0003214
P46531, GO:0060379
P46531, GO:0060038
P46531, GO:0055008
P46531, GO:0003213
P46531, GO:0003219
P46531, GO:0060411
P46531, GO:0060948
P46531, GO:0003208
P46531, GO:0021515
P46531, GO:0003273
P46531, GO:0071372
P46531, GO:0071456
P46531, GO:0071228
P46531, GO:0035924
P46531, GO:0099565
P46531, GO:0060271
P46531, GO:0072044
P46531, GO:0007386
P46531, GO:0060982
P46531, GO:0003182
P46531, GO:0003169
P46531, GO:0007368
P46531, GO:0072017
P46531, GO:0035116
P46531, GO:0060956
P46531, GO:0003203
P46531, GO:0003157
P46531, GO:0003160
P46531, GO:0007492
P46531, GO:0009957
P46531, GO:0072148
P46531, GO:0050673
P46531, GO:0001837
P46531, GO:0003198
P46531, GO:0030900
P46531, GO:0007440
P46531, GO:0072144
P46531, GO:0003241
P46531, GO:0031069
P46531, GO:0007507
P46531, GO:0001947
P46531, GO:0061384
P46531, GO:0048873
P46531, GO:0006959
P46531, GO:0006955
P46531, GO:0001701
P46531, GO:0002437
P46531, GO:0002085
P46531, GO:0097400
P46531, GO:0030216
P46531, GO:0070986
P46531, GO:0001889
P46531, GO:0030324
P46531, GO:0001554
P46531, GO:0014031
P46531, GO:0003192
P46531, GO:2000811
P46531, GO:0070168
P46531, GO:0030514
P46531, GO:0045955
P46531, GO:0090090
P46531, GO:0010667
P46531, GO:0010614
P46531, GO:0043086
P46531, GO:0060354
P46531, GO:0090051
P46531, GO:0008285
P46531, GO:0003252
P46531, GO:2000048
P46531, GO:0010812
P46531, GO:0120163
P46531, GO:0032966
P46531, GO:0045892
P46531, GO:2001027
P46531, GO:0050680
P46531, GO:0003332
P46531, GO:0010629
P46531, GO:0060253
P46531, GO:0045608
P46531, GO:0045662
P46531, GO:0010832
P46531, GO:0050768
P46531, GO:0048715
P46531, GO:0030279
P46531, GO:0045668
P46531, GO:0046533
P46531, GO:2000974
P46531, GO:2000737
P46531, GO:0000122
P46531, GO:0021915
P46531, GO:0061101
P46531, GO:0097150
P46531, GO:0007219
P46531, GO:0003270
P46531, GO:0048709
P46531, GO:0003151
P46531, GO:0003344
P46531, GO:1903849
P46531, GO:1902339
P46531, GO:0048711
P46531, GO:0030513
P46531, GO:0062043
P46531, GO:0060045
P46531, GO:0030335
P46531, GO:0008284
P46531, GO:0045893
P46531, GO:0045603
P46531, GO:0050679
P46531, GO:0070374
P46531, GO:0010628
P46531, GO:0045618
P46531, GO:0002052
P46531, GO:0045747
P46531, GO:0046579
P46531, GO:0046427
P46531, GO:0051152
P46531, GO:0045944
P46531, GO:0007221
P46531, GO:0045070
P46531, GO:0060740
P46531, GO:0030163
P46531, GO:0006606
P46531, GO:0003184
P46531, GO:0061344
P46531, GO:0006355
P46531, GO:0060768
P46531, GO:1901201
P46531, GO:0014807
P46531, GO:0072091
P46531, GO:0006357
P46531, GO:0032496
P46531, GO:0032495
P46531, GO:0042670
P46531, GO:0060528
P46531, GO:0035914
P46531, GO:0048103
P46531, GO:0007283
P46531, GO:0002040
P46531, GO:0072538
P46531, GO:0042246
P46531, GO:0006366
P46531, GO:0035148
P46531, GO:0060979
P46531, GO:0060843
P46531, GO:0060412
P46531, GO:0003222
Q5R372,GO:0005769
Q5R372, GO:0005794
Q5R372, GO:0005634
Q5R372, GO:0005096
Q5R372, GO:0031267
Q5R372, GO:0006897
Q5R372, GO:0015031
Q5R372, GO:0032880
Q04721,GO:0009986
Q04721, GO:0005929
Q04721, GO:0005789
Q04721, GO:0005576
Q04721, GO:0000139
Q04721, GO:0016020
Q04721, GO:0005654
Q04721, GO:0005634
Q04721, GO:0005886
Q04721, GO:0043235
Q04721, GO:0005509
Q04721, GO:0000987
Q04721, GO:0001228
Q04721, GO:0019899
Q04721, GO:0051059
Q04721, GO:0038023
Q04721, GO:0009887
Q04721, GO:0006915
Q04721, GO:0060413
Q04721, GO:0003162
Q04721, GO:0007411
Q04721, GO:0030509
Q04721, GO:0046849
Q04721, GO:0001709
Q04721, GO:0071228
Q04721, GO:1990705
Q04721, GO:0061073
Q04721, GO:0042742
Q04721, GO:0030326
Q04721, GO:0072104
Q04721, GO:0001947
Q04721, GO:0030097
Q04721, GO:0072574
Q04721, GO:0006959
Q04721, GO:0001701
Q04721, GO:0002437
Q04721, GO:0035556
Q04721, GO:0035622
Q04721, GO:0070986
Q04721, GO:0002315
Q04721, GO:0002011
Q04721, GO:0035264
Q04721, GO:0043011
Q04721, GO:0043066
Q04721, GO:0010629
Q04721, GO:0000122
Q04721, GO:0007399
Q04721, GO:0007219
Q04721, GO:0060674
Q04721, GO:0072015
Q04721, GO:0043065
Q04721, GO:0030513
Q04721, GO:0070374
Q04721, GO:0010838
Q04721, GO:1902895
Q04721, GO:0045672
Q04721, GO:0046579
Q04721, GO:0051152
Q04721, GO:0045944
Q04721, GO:0072014
Q04721, GO:0003184
Q04721, GO:2001204
Q04721, GO:0042060
Q9Y219,GO:0005886
Q9Y219, GO:0005509
Q9Y219, GO:0008083
Q9Y219, GO:0005112
Q9Y219, GO:0009912
Q9Y219, GO:0030154
Q9Y219, GO:1990134
Q9Y219, GO:0042492
Q9Y219, GO:0001701
Q9Y219, GO:0016331
Q9Y219, GO:0007219
Q9Y219, GO:0042475
Q9Y219, GO:0045747
Q9Y219, GO:0030155
Q9Y219, GO:0042127
Q9Y219, GO:0003016
Q9Y219, GO:0001501
Q9Y219, GO:0007283
Q9Y219, GO:0030217
Q9Y219, GO:0045061
Q03112,GO:0005829
Q03112, GO:0016607
Q03112, GO:0005654
Q03112, GO:0005634
Q03112, GO:0003677
Q03112, GO:0001228
Q03112, GO:0003700
Q03112, GO:0140938
Q03112, GO:0046974
Q03112, GO:0140948
Q03112, GO:0140947
Q03112, GO:0046872
Q03112, GO:0042803
Q03112, GO:0000978
Q03112, GO:0006915
Q03112, GO:0071425
Q03112, GO:0070828
Q03112, GO:0032259
Q03112, GO:0045892
Q03112, GO:0046329
Q03112, GO:0043069
Q03112, GO:0045893
Q03112, GO:0051726
Q03112, GO:0006357
Q14524,GO:0005901
Q14524, GO:0009986
Q14524, GO:0005783
Q14524, GO:0014704
Q14524, GO:0016328
Q14524, GO:0016020
Q14524, GO:0005730
Q14524, GO:0005654
Q14524, GO:0048471
Q14524, GO:0005886
Q14524, GO:0042383
Q14524, GO:0030315
Q14524, GO:0001518
Q14524, GO:0030018
Q14524, GO:0030506
Q14524, GO:0005516
Q14524, GO:0019899
Q14524, GO:0017134
Q14524, GO:0050998
Q14524, GO:0019904
Q14524, GO:0019901
Q14524, GO:0097110
Q14524, GO:0044325
Q14524, GO:0031625
Q14524, GO:0005248
Q14524, GO:0086060
Q14524, GO:0086061
Q14524, GO:0086006
Q14524, GO:0086062
Q14524, GO:0086063
Q14524, GO:0086014
Q14524, GO:0086016
Q14524, GO:0086067
Q14524, GO:0003360
Q14524, GO:0086043
Q14524, GO:0003161
Q14524, GO:0086002
Q14524, GO:0060048
Q14524, GO:0003231
Q14524, GO:0071277
Q14524, GO:0021549
Q14524, GO:0051899
Q14524, GO:0086010
Q14524, GO:0098912
Q14524, GO:0086045
Q14524, GO:0086048
Q14524, GO:0086012
Q14524, GO:0086047
Q14524, GO:0086046
Q14524, GO:0042475
Q14524, GO:0045760
Q14524, GO:0050679
Q14524, GO:0010765
Q14524, GO:0060371
Q14524, GO:0060372
Q14524, GO:0086004
Q14524, GO:0002027
Q14524, GO:0086091
Q14524, GO:1902305
Q14524, GO:0060373
Q14524, GO:0060307
Q14524, GO:0014894
Q14524, GO:0086015
Q14524, GO:0035725
Q14524, GO:0006814
Q14524, GO:0021537
Q14524, GO:0086005
P49281,GO:0045177
P49281, GO:0016324
P49281, GO:0045178
P49281, GO:0031526
P49281, GO:0009986
P49281, GO:0005737
P49281, GO:0031410
P49281, GO:0005769
P49281, GO:0031901
P49281, GO:0010008
P49281, GO:1903561
P49281, GO:0005794
P49281, GO:0005770
P49281, GO:0031902
P49281, GO:0005765
P49281, GO:0005764
P49281, GO:0016020
P49281, GO:0005741
P49281, GO:0005739
P49281, GO:0005634
P49281, GO:0070826
P49281, GO:0048471
P49281, GO:0005886
P49281, GO:0055037
P49281, GO:0055038
P49281, GO:0005802
P49281, GO:0005773
P49281, GO:0046870
P49281, GO:0015086
P49281, GO:0015087
P49281, GO:0005375
P49281, GO:0015093
P49281, GO:0022890
P49281, GO:0005381
P49281, GO:0015094
P49281, GO:0005384
P49281, GO:0015099
P49281, GO:1905394
P49281, GO:0015295
P49281, GO:0046915
P49281, GO:0015100
P49281, GO:0005385
P49281, GO:0070574
P49281, GO:0034599
P49281, GO:0006824
P49281, GO:0006825
P49281, GO:0048813
P49281, GO:0003032
P49281, GO:0048821
P49281, GO:0006783
P49281, GO:0006879
P49281, GO:0033212
P49281, GO:0034755
P49281, GO:0006826
P49281, GO:0015692
P49281, GO:0007611
P49281, GO:0006828
P49281, GO:0060586
P49281, GO:0015675
P49281, GO:2001056
P49281, GO:0001666
P49281, GO:0010039
P49281, GO:0015676
P62750,GO:0005737
P62750, GO:0005829
P62750, GO:0022625
P62750, GO:0022626
P62750, GO:0070062
P62750, GO:0005730
P62750, GO:0005634
P62750, GO:0045296
P62750, GO:0003723
P62750, GO:0019843
P62750, GO:0003735
P62750, GO:1904841
P62750, GO:0002181
P62750, GO:0006412
Q9H2X9,GO:0071944
Q9H2X9, GO:0032590
Q9H2X9, GO:0098978
Q9H2X9, GO:0016020
Q9H2X9, GO:0043005
Q9H2X9, GO:0043025
Q9H2X9, GO:0043204
Q9H2X9, GO:0005886
Q9H2X9, GO:0099634
Q9H2X9, GO:0008519
Q9H2X9, GO:0015108
Q9H2X9, GO:0046872
Q9H2X9, GO:0015379
Q9H2X9, GO:0019901
Q9H2X9, GO:0006884
Q9H2X9, GO:0007268
Q9H2X9, GO:0055064
Q9H2X9, GO:1902476
Q9H2X9, GO:0060996
Q9H2X9, GO:0006971
Q9H2X9, GO:0030644
Q9H2X9, GO:0051452
Q9H2X9, GO:0007612
Q9H2X9, GO:0006811
Q9H2X9, GO:0035264
Q9H2X9, GO:0098970
Q9H2X9, GO:0055075
Q9H2X9, GO:1990573
Q9H2X9, GO:0150052
Q9H2X9, GO:0009410
Q9H2X9, GO:0040040
Q9HC35,GO:0005737
Q9HC35, GO:0005829
Q9HC35, GO:0016020
Q9HC35, GO:0005874
Q9HC35, GO:0015630
Q9HC35, GO:0005815
Q9HC35, GO:0030496
Q9HC35, GO:0072686
Q9HC35, GO:0043014
Q9HC35, GO:0048487
Q9HC35, GO:0008017
Q9HC35, GO:0008608
Q9HC35, GO:0051301
Q9HC35, GO:0000226
Q9HC35, GO:0007017
Q9HC35, GO:0000278
Q9HC35, GO:0007080
Q9BQA1,GO:0031465
Q9BQA1, GO:0005737
Q9BQA1, GO:0005829
Q9BQA1, GO:0005794
Q9BQA1, GO:0034709
Q9BQA1, GO:0005654
Q9BQA1, GO:0005634
Q9BQA1, GO:0008327
Q9BQA1, GO:0030374
Q9BQA1, GO:1990756
Q9BQA1, GO:0060767
Q9BQA1, GO:0060770
Q9BQA1, GO:0007309
Q9BQA1, GO:0008284
Q9BQA1, GO:0048026
Q9BQA1, GO:0000209
Q9BQA1, GO:0006357
Q9BQA1, GO:0060528
Q9BQA1, GO:0000387
Q9BQA1, GO:0006511
Q5SRN2,GO:0016020
Q5SRN2, GO:0005634
Q96BQ1,GO:0005576
Q96BQ1, GO:0005615
Q96BQ1, GO:0030246
Q96BQ1, GO:0005125
Q96BQ1, GO:0046676
Q9NVD3,GO:0005829
Q9NVD3, GO:0005634
Q9NVD3, GO:0046975
Q9NVD3, GO:0042800
Q9NVD3, GO:0140945
Q9NVD3, GO:0042799
Q9NVD3, GO:0140944
Q9NVD3, GO:0140941
Q9NVD3, GO:0003713
Q9NVD3, GO:0006338
Q9NVD3, GO:0006954
Q9NVD3, GO:0032259
Q9NVD3, GO:0050729
Q9NVD3, GO:0032755
Q9NVD3, GO:0045944
Q9NVD3, GO:0032760
Q9NVD3, GO:0071863
Q9H251,GO:0016342
Q9H251, GO:0005813
Q9H251, GO:0098683
Q9H251, GO:0060091
Q9H251, GO:0016020
Q9H251, GO:0001917
Q9H251, GO:0098684
Q9H251, GO:0032420
Q9H251, GO:0032426
Q9H251, GO:0008013
Q9H251, GO:0045296
Q9H251, GO:0005509
Q9H251, GO:0060088
Q9H251, GO:0006816
Q9H251, GO:0016339
Q9H251, GO:0016477
Q9H251, GO:0098742
Q9H251, GO:0090102
Q9H251, GO:0050957
Q9H251, GO:0007156
Q9H251, GO:0007626
Q9H251, GO:0031175
Q9H251, GO:0045494
Q9H251, GO:0051480
Q9H251, GO:0050953
Q9H251, GO:0007605
Q9H251, GO:0007601
Q8IV20,GO:0005783
Q8IV20, GO:0005634
Q8IV20, GO:0005777
Q8IV20, GO:0046936
Q8IV20, GO:0004000
Q8IV20, GO:0005507
Q8IV20, GO:0047975
Q8IV20, GO:0004731
Q8IV20, GO:0017061
Q8IV20, GO:0006954
Q8IV20, GO:0045087
Q8IV20, GO:0070431
Q8IV20, GO:0002221
Q8IV20, GO:0002720
Q8IV20, GO:0030641
Q8IV20, GO:0050727
Q8IV20, GO:1900542
Q0VDD8,GO:0097729
Q0VDD8, GO:0005737
Q0VDD8, GO:0030286
Q0VDD8, GO:0005874
Q0VDD8, GO:0005524
Q0VDD8, GO:0045505
Q0VDD8, GO:0051959
Q0VDD8, GO:0008569
Q0VDD8, GO:0060294
Q14721,GO:0016324
Q14721, GO:0030424
Q14721, GO:0009986
Q14721, GO:0098981
Q14721, GO:0030425
Q14721, GO:0032590
Q14721, GO:0016328
Q14721, GO:0032809
Q14721, GO:0043204
Q14721, GO:0048471
Q14721, GO:0005886
Q14721, GO:0045211
Q14721, GO:0099634
Q14721, GO:1990635
Q14721, GO:0042383
Q14721, GO:0008076
Q14721, GO:0005251
Q14721, GO:0015271
Q14721, GO:0046982
Q14721, GO:0000149
Q14721, GO:0044325
Q14721, GO:0001508
Q14721, GO:0071277
Q14721, GO:0071333
Q14721, GO:0031669
Q14721, GO:0045163
Q14721, GO:0042593
Q14721, GO:0007215
Q14721, GO:0046676
Q14721, GO:0045956
Q14721, GO:0033605
Q14721, GO:1900454
Q14721, GO:0010701
Q14721, GO:0090314
Q14721, GO:0097623
Q14721, GO:0071805
Q14721, GO:0051260
Q14721, GO:0072659
Q14721, GO:0098900
Q14721, GO:2000671
Q14721, GO:0048678
Q14721, GO:1902065
Q14721, GO:0006904
A3KN83,GO:0005634
A3KN83, GO:0031490
A3KN83, GO:0042393
A3KN83, GO:0006355
Q9NVV4,GO:0043231
Q9NVV4, GO:0005739
Q9NVV4, GO:0005654
Q9NVV4, GO:0005524
Q9NVV4, GO:0042802
Q9NVV4, GO:0000287
Q9NVV4, GO:0030145
Q9NVV4, GO:1990817
Q9NVV4, GO:0042803
Q9NVV4, GO:0003723
Q9NVV4, GO:0002134
Q9NVV4, GO:0071044
Q9NVV4, GO:0000965
Q9NVV4, GO:0006397
O60268,GO:0005737
O94906,GO:0071013
O94906, GO:0016020
O94906, GO:0016607
O94906, GO:0005654
O94906, GO:0005634
O94906, GO:0005681
O94906, GO:0071005
O94906, GO:0046540
O94906, GO:0005682
O94906, GO:0042802
O94906, GO:0030674
O94906, GO:0043021
O94906, GO:0003723
O94906, GO:0000398
O94906, GO:0045944
O94906, GO:0006403
O94906, GO:0008380
O94906, GO:0000375
O94906, GO:0000245
O94906, GO:0000244
Q9Y232,GO:0005694
Q9Y232, GO:0005737
Q9Y232, GO:0016607
Q9Y232, GO:0005634
Q9Y232, GO:0003682
Q9Y232, GO:0120092
Q9Y232, GO:0042802
Q9Y232, GO:0035064
Q9Y232, GO:0030674
Q9Y232, GO:0003714
Q9Y232, GO:0120094
Q9Y232, GO:0060816
Q9Y232, GO:0007286
Q9Y232, GO:0007283
P17987,GO:0001669
P17987, GO:0044297
P17987, GO:0005813
P17987, GO:0005832
P17987, GO:0005829
P17987, GO:0070062
P17987, GO:0005794
P17987, GO:0000792
P17987, GO:0005874
P17987, GO:0000242
P17987, GO:0002199
P17987, GO:0005524
P17987, GO:0016887
P17987, GO:0140662
P17987, GO:0044183
P17987, GO:0003723
P17987, GO:0031625
P17987, GO:0051082
P17987, GO:0007339
P17987, GO:0051086
P17987, GO:0061077
P17987, GO:1904851
P17987, GO:1904871
P17987, GO:1904874
P17987, GO:0032212
P17987, GO:0006457
P17987, GO:0050821
P17987, GO:0090666
P17987, GO:0007021
P60866,GO:0005737
P60866, GO:0005829
P60866, GO:0022626
P60866, GO:0022627
P60866, GO:0070062
P60866, GO:0016020
P60866, GO:0005654
P60866, GO:0045202
P60866, GO:0097371
P60866, GO:0003723
P60866, GO:0003735
P60866, GO:1990948
P60866, GO:0002181
P60866, GO:1901798
P60866, GO:0006412
Q0VGE8,GO:0005634
Q0VGE8, GO:0000981
Q0VGE8, GO:0046872
Q0VGE8, GO:0000978
Q0VGE8, GO:0006357
P58499,GO:0070062
P58499, GO:0005576
P58499, GO:0005615
P58499, GO:0030246
P58499, GO:0005125
P58499, GO:0006915
P58499, GO:0030073
Q6UXA7,GO:0031012
Q6UXA7, GO:0005576
Q6UXA7, GO:0030198
Q8N4C9,GO:0016020
Q8NEA5,GO:0070062
Q8NEA5, GO:0016020
Q9UIE0,GO:0005634
Q9UIE0, GO:0003677
Q9UIE0, GO:0003700
Q9UIE0, GO:0046872
